{
  "filepath_completion_use_working_dir": 0,
  "auto_trigger": 1,
  "min_num_of_chars_for_completion": 2,
  "min_num_identifier_candidate_chars": 0,
  "semantic_triggers": {},
  "filetype_specific_completion_to_disable": {
    "gitcommit": 1
  },
  "seed_identifiers_with_syntax": 0,
  "collect_identifiers_from_comments_and_strings": 0,
  "collect_identifiers_from_tags_files": 0,
  "max_num_identifier_candidates": 10,
  "extra_conf_globlist": [],
  "global_ycm_extra_conf": "",
  "confirm_extra_conf": 1,
  "complete_in_comments": 0,
  "complete_in_strings": 1,
  "max_diagnostics_to_display": 30,
  "filetype_whitelist": {
    "*": 1
  },
  "filetype_blacklist": {
    "tagbar": 1,
    "qf": 1,
    "notes": 1,
    "markdown": 1,
    "unite": 1,
    "text": 1,
    "vimwiki": 1,
    "pandoc": 1,
    "infolog": 1,
    "mail": 1
  },
  "auto_start_csharp_server": 1,
  "auto_stop_csharp_server": 1,
  "use_ultisnips_completer": 1,
  "csharp_server_port": 0,
  "hmac_secret": "",
  "server_keep_logfiles": 0,
  "gocode_binary_path": ""
}
